Designator,Mid X,Mid Y,Rotation,Layer
C1,86.2,-109.775,90.0,bottom
C10,89.13,-102.85,90.0,bottom
C11,94.8825,-106.77,0.0,bottom
C12,91.15,-109.75,270.0,bottom
C13,92.1,-102.85,90.0,bottom
C14,86.775,-107.275,0.0,bottom
C15,86.6,-104.45,0.0,bottom
C16,96.56,-103.38,180.0,top
C17,88.225,-109.75,270.0,bottom
C18,94.88,-104.79,180.0,bottom
C19,87.16,-101.65,90.0,bottom
C2,93.113377,-109.749531,270.0,bottom
C20,92.135777,-109.754873,90.0,bottom
C21,94.8825,-105.77,180.0,bottom
C22,86.0,-102.85,90.0,bottom
C23,93.1,-102.85,270.0,bottom
C24,96.56,-102.39,0.0,top
C25,89.2,-109.75,90.0,bottom
C26,102.898717,-133.448717,135.0,top
C27,103.548717,-132.798717,315.0,top
C28,97.37,-118.69,0.0,top
C29,105.25,-112.0,90.0,top
C3,86.775,-108.2,0.0,bottom
C30,100.04,-98.88,90.0,top
C31,104.11,-103.74,0.0,top
C32,97.34,-100.88,0.0,top
C33,110.93,-133.0475,90.0,top
C34,112.74,-132.8175,90.0,top
C35,89.2375,-134.4,180.0,top
C36,89.8,-132.42,180.0,top
C37,71.58,-126.199999,180.0,top
C38,71.58,-127.199999,0.0,top
C39,71.61,-102.823335,180.0,top
C4,86.775,-105.375,0.0,bottom
C40,71.61,-103.8,0.0,top
C41,71.58,-79.326665,180.0,top
C42,71.5785,-80.296665,0.0,top
C43,71.58,-56.0,180.0,top
C44,71.58,-57.0,0.0,top
C45,124.9,-62.9,270.0,top
C46,127.6,-62.9,270.0,top
C47,132.8,-65.3,90.0,top
C48,116.8,-47.2,0.0,top
C49,121.15,-53.5,0.0,top
C5,91.1,-102.85,90.0,bottom
C50,145.2,-75.2,0.0,top
C51,146.0625,-77.3,0.0,top
C52,124.95,-103.7,0.0,top
C53,124.5,-102.1,90.0,top
C54,125.2,-88.5,90.0,top
C55,128.5,-88.5,90.0,top
C56,127.8,-94.0625,90.0,top
C57,124.3,-94.8625,90.0,top
C58,128.8375,-116.6,180.0,top
C59,128.8375,-118.1,180.0,top
C6,88.15,-102.85,90.0,bottom
C60,130.8375,-124.5,90.0,top
C61,124.2375,-114.6,0.0,top
C62,142.35,-50.4,270.0,top
C63,142.35,-47.0,90.0,top
C64,61.1,-115.0,180.0,top
C65,68.775,-120.8,180.0,top
C66,104.7975,-53.05,180.0,top
C67,61.2,-91.6,180.0,top
C68,68.975,-97.2,180.0,top
C69,95.84,-53.1,180.0,top
C7,90.175,-109.75,270.0,bottom
C70,61.1,-68.4,180.0,top
C71,60.93,-45.0,180.0,top
C72,68.775,-73.8,180.0,top
C73,68.775,-50.6,180.0,top
C74,86.77,-53.05,180.0,top
C75,77.335,-53.125,180.0,top
C8,86.775,-106.325,0.0,bottom
C9,90.12,-102.85,90.0,bottom
D1,97.55,-114.29,90.0,top
D10,77.045,-43.625,180.0,top
D11,119.9375,-120.65,90.0,top
D12,131.65,-91.05,90.0,top
D13,138.25,-43.4,180.0,top
D14,129.0375,-114.7,0.0,top
D15,127.0,-67.9,0.0,top
D2,130.6,-56.9,0.0,top
D3,134.3,-46.3,90.0,top
D4,136.8,-77.4,180.0,top
D5,140.5,-76.2,90.0,top
D6,121.7,-91.8625,270.0,top
D7,95.59,-43.55,180.0,top
D8,104.57,-43.45,180.0,top
D9,86.41,-43.55,180.0,top
F1,142.6,-76.8,90.0,top
FB1,97.38,-98.77,180.0,top
FB2,61.127776,-117.099999,180.0,top
FB3,61.127776,-93.8,180.0,top
FB4,61.127776,-70.6,180.0,top
FB5,60.927776,-47.2,180.0,top
H1,56.025,-42.15,0.0,top
H2,56.025,-140.525,0.0,top
H3,145.225,-65.95,0.0,top
H4,145.25,-132.45,0.0,top
J1,106.6,-146.3,0.0,top
J2,57.352776,-125.999999,270.0,top
J3,57.352776,-102.533332,270.0,top
J4,57.352776,-79.266665,270.0,top
J5,57.352776,-55.999999,270.0,top
L1,127.8,-48.1,90.0,top
L2,118.5,-99.5625,90.0,top
L3,123.6375,-117.6,90.0,top
Q1,132.2,-75.9,0.0,top
Q2,128.3,-77.7,180.0,top
Q4,121.4,-78.0,180.0,top
Q5,117.0,-91.5625,270.0,top
R1,90.175,-129.21,180.0,top
R10,117.28,-132.29,270.0,top
R11,115.0,-132.25,270.0,top
R12,53.257776,-116.699998,270.0,top
R13,53.117776,-93.203331,270.0,top
R14,53.227776,-69.916665,270.0,top
R15,53.147776,-46.669999,270.0,top
R16,132.1,-78.3,0.0,top
R17,136.8,-74.8,180.0,top
R18,128.3,-75.3,0.0,top
R19,127.2,-101.4625,180.0,top
R2,97.37,-117.13,180.0,top
R20,125.5,-102.1,90.0,top
R21,127.2,-102.4625,0.0,top
R22,125.8,-94.8625,90.0,top
R23,128.3,-80.0,180.0,top
R24,129.2375,-124.5,90.0,top
R25,128.3375,-122.0,180.0,top
R26,138.85,-45.7,0.0,top
R27,107.36,-42.75,270.0,top
R28,98.39,-42.95,270.0,top
R29,89.22,-42.9,270.0,top
R3,105.1,-119.1375,90.0,top
R30,79.835,-42.975,270.0,top
R31,120.0375,-116.15,90.0,top
R32,95.89,-41.75,180.0,top
R33,104.77,-41.6375,180.0,top
R34,86.61,-41.75,180.0,top
R35,77.245,-41.825,180.0,top
R36,120.6375,-123.45,0.0,top
R37,129.8,-92.8625,270.0,top
R38,141.95,-43.4,0.0,top
R39,128.9,-112.85,0.0,top
R4,109.4,-108.9875,90.0,top
R40,127.2,-69.7,0.0,top
R5,107.65,-119.9375,90.0,top
R6,110.25,-119.9375,90.0,top
R7,111.0,-108.9875,270.0,top
R8,94.81,-100.4,270.0,top
R9,101.73,-103.71,180.0,top
TP1,94.6,-113.3,0.0,top
TP2,84.8,-112.4,0.0,top
TP3,85.7,-130.9,0.0,top
TP4,137.25,-41.2375,180.0,top
TP5,144.25,-47.8375,180.0,top
TP6,117.75,-117.7,0.0,top
TP7,120.1375,-112.35,0.0,top
U1,90.2249,-106.299999,90.0,top
U10,87.545,-48.475,90.0,top
U11,78.11,-48.5,90.0,top
U12,66.174,-129.25,0.0,top
U13,66.17,-105.78,0.0,top
U14,66.174,-82.568,0.0,top
U15,66.25,-59.26,0.0,top
U2,108.475,-114.4125,90.0,top
U3,117.73,-65.475,270.0,top
U4,126.3,-98.7625,270.0,top
U5,126.9375,-120.0,180.0,top
U6,141.5334,-91.9666,90.0,top
U7,138.65,-49.6,0.0,top
U8,105.635,-48.375,90.0,top
U9,96.615,-48.425,90.0,top
X1,102.96,-100.35,270.0,top
