LCSC Part Number,Manufacture Part Number,Manufacturer,Customer NO.,Package,Description,RoHS,Quantity,Unit Price($),Ext.Price($),Estimated lead time (business days),Updated lead time,Date Code / Lot No.
C14663,CC0603KRX7R9BB104,YAGEO,"C33,C36,C50,C57,C59",0603,100nF ±10% 50V Ceramic Capacitor X7R 0603,YES,50,0.0151,0.76,,,
C60474,CC0402KRX7R7BB104,YAGEO,"C18,C19,C20,C21,C22,C23,C24,C25,C26,C27,C29,C37,C38,C39,C40,C41,",0402,100nF ±10% 16V Ceramic Capacitor X7R 0402,YES,100,0.0054,0.54,,,
C18305,BLM21PG600SN1D,muRata,"FB1,FB2,FB3,FB4,FB5",0805,60Ω@100MHz 1 Line Ferrite Bead 0805 3.5A 20mΩ,YES,20,0.0402,0.80,,,
C1972746,SF-0603S315-2,BOURNS,F1,0603,3.15A Surface Mount 0603,YES,2,0.5505,1.10,,,
C5588998,APTD2012LSYCK,Kingbright,"D14,D15",0805,Yellow 590nm LED Indication - Discrete 1.85V 0805,YES,5,0.2268,1.13,,,
C2837824,SMLMN2BCTT86C,ROHM,"D11,D12,D13",0805,Blue 476nm LED Indication - Discrete 2.9V 0805,YES,10,0.3083,3.08,,,
C2992528,SMLMN2WB1CW1,ROHM,"D7,D8,D9,D10",0805,White LED Indication - Discrete 2.9V 0805,YES,10,0.3253,3.25,,,
C110484,B320A-13-F,DIODES,D6,SMA(DO-214AC),1 Independent 20V 500mV@3A 3A SMA(DO-214AC) Single Diodes RoHS,YES,5,0.1615,0.81,,,
C2845139,RBR2MM30BTR,ROHM,"D4,D5",SOD-123FL,Diode Independent 30V 2A Surface Mount SOD-123FL,YES,5,0.1398,0.70,,,
C253526,RSX501LAM20TR,ROHM,D3,SOD-128,Diode 20V 5A Surface Mount SOD-128,YES,5,0.2183,1.09,,,
C85100,B560C-13-F,DIODES,D2,SMC(DO-214AB),1 Independent 60V 700mV@5A 5A SMC(DO-214AB) Single Diodes RoHS,YES,5,0.2117,1.06,,,
C261914,"1SS294,LF",TOSHIBA,D1,SC-59,Diode 40V 100mA Surface Mount SC-59,YES,10,0.0594,0.59,,,
C190722,16SVPC150M,PANASONIC,"C65,C68,C72,C73","SMD,D8xL6.9mm","150uF ±20% 16V Aluminum - Polymer Capacitors SMD,D8xL6.9mm 2000hrs@105℃",YES,8,1.1395,9.12,,,
C77042,GRM188R60J226MEA0D,muRata,"C58,C60,C61",0603,22uF ±20% 6.3V Ceramic Capacitor X5R 0603,YES,10,0.0572,0.57,,,
C60137,CC0402JRNPO9BN470,YAGEO,C53,0402,47pF ±5% 50V Ceramic Capacitor NP0 0402,YES,100,0.0028,0.28,,,
C23742,CL32A107MPVNNNE,Samsung Electro-Mechanics,"C54,C55",1210,100uF ±20% 10V Ceramic Capacitor X5R 1210,YES,4,0.5051,2.02,,,
C108081,RC1206JR-070RL,YAGEO,"R10,R11,R17,R26,R31",1206,0Ω 250mW 200V Thick Film Resistor ±5% 1206 Chip Resistor - Surface Mount RoHS,YES,50,0.0114,0.57,,,
C60133,CC0402KRX7R9BB103,YAGEO,"C1,C2,C3,C4,C5,C6,C7,C8,C9,C10,C11,C12,C13,C14,C15,C16,C17",0402,10nF ±10% 50V Ceramic Capacitor X7R 0402,YES,100,0.0056,0.56,,,
C29936,CL10B105KA8NNNC,Samsung Electro-Mechanics,"C28,C62,C63,C66,C69,C74,C75",0603,1uF ±10% 25V Ceramic Capacitor X7R 0603,YES,20,0.0216,0.43,,,
C2191663,GJM1555C1H8R0DB01D,muRata,"C30,C31",0402,8pF C0G 50V 0402 Ceramic Capacitors RoHS,YES,50,0.0207,1.04,,,
C326595,CC0805KKX7R7BB106,YAGEO,"C32,C34,C64,C67,C70,C71",0805,10uF ±10% 16V Ceramic Capacitor X7R 0805,YES,15,0.2428,3.64,,,
C162437,GRM319R61E106KA12D,muRata,"C35,C51,C56",1206,10uF ±10% 25V Ceramic Capacitor X5R 1206,YES,10,0.239,2.39,,,
C342646,C3216X7R1V685KT000E,TDK,"C45,C46",1206,6.8uF ±10% 35V Ceramic Capacitor X7R 1206,YES,4,0.5643,2.26,,,
C128458,EEEFK1H220P,PANASONIC,C47,"SMD,D6.3xL5.8mm",22uF ±20% 50V Aluminum Electrolytic Capacitors 2000hrs@105℃,YES,5,0.1618,0.81,,,
C494858,EEEFN1H181UP,PANASONIC,C48,"SMD,D8xL10.2mm",180uF ±20% 50V Aluminum Electrolytic Capacitors 2000hrs@105℃,YES,2,0.787,1.57,,,
C106239,CC1206KRX7R9BB103,YAGEO,C49,1206,10nF ±10% 50V Ceramic Capacitor X7R 1206,YES,20,0.0371,0.74,,,
C107024,CC0402KRX7R9BB182,YAGEO,C52,0402,1.8nF ±10% 50V Ceramic Capacitor X7R 0402,YES,100,0.01,1.00,,,
C2076772,CRCW040234K8FKED,VISHAY,R21,0402,34.8kΩ 62.5mW 50V Thick Film Resistor ±1% ±100ppm/℃ 0402 Chip Resistor - Surface Mount RoHS,YES,100,0.0032,0.32,,,
C844922,CRCW06031M00FKEA,VISHAY,R22,0603,100mW 1MΩ 75V Thick Film Resistor ±1% ±100ppm/℃ 0603 Chip Resistor - Surface Mount RoHS,YES,100,0.0049,0.49,,,
C2076703,CRCW0603133RFKEA,VISHAY,R25,0603,133Ω 100mW 75V Thick Film Resistor ±1% ±100ppm/℃ 0603 Chip Resistor - Surface Mount RoHS,YES,50,0.0084,0.42,,,
C22548,RC0603FR-071KL,YAGEO,"R32,R33,R34,R35,R36,R37,R38,R39",0603,100mW 1kΩ 75V Thick Film Resistor ±100ppm/℃ ±1% 0603 Chip Resistor - Surface Mount RoHS,YES,100,0.0052,0.52,,,
C56001,MX25L4006EM1I-12G,MXIC,U2,SOP-8,FLASH - NOR Memory IC 4Mbit SPI 86MHz SOP-8,YES,2,1.0759,2.15,,,
C527397,LM22678TJ-5.0/NOPB,TI,U3,TO-263-7,500kHz Step-down type Fixed 5V 5A TO-263-7 Voltage Regulators - DC DC Switching Regulators RoHS,YES,2,4.9834,9.97,,,
C459876,LTC3872ETS8#TRPBF,ADI,U4,TSOT-23-8,1 Adjustable Boost TSOT-23-8 DC DC Switching Controllers RoHS,YES,2,6.2227,12.45,,,
C5896722,RT5762CHGH6F,RICHTEK,U5,SOT-563,1.2MHz Step-down type Adjustable 2A 600mV~6V SOT-563 Voltage Regulators - DC DC Switching Regulators RoHS,YES,5,0.3323,1.66,,,
C706976,X5050WR-04S-N2SN,XKB Connection,U6,"Through Hole,Right Angle,P=5.08mm",Connector Header 4 position 5.08mm Pitch 10A Right Angle,YES,5,0.2296,1.15,,,
C460367,AP7215-33YG-13,DIODES,U7,SOT-89-3,"3.3V Positive Fixed SOT-89-3 Voltage Regulators - Linear, Low Drop Out (LDO) Regulators RoHS",YES,2,0.2497,0.50,,,
C2150698,AP2191SG-13,DIODES,"U8,U9,U10,U11",SOP-8,"1 Active High 1.5A High Side Switch SOP-8 Power Distribution Switches, Load Drivers RoHS",YES,10,0.1132,1.13,,,
C207281,SP3011-06UTG,Littelfuse,"U12,U13,U14,U15",UDFN-14(1.4x3.5),12.5VC Clamp 3A@8/20us Ipp ESD DIODE UDFN-14(1.4x3.5),YES,8,0.5242,4.19,,,
C87572,SPM6530T-1R0M120,TDK,L2,"SMD,7.1x6.5mm","13A 1uH ±20% 14.1A 7.81mΩ SMD,7.1x6.5mm Fixed Inductors RoHS",YES,5,0.1767,0.88,,,
C466222,TCC0402C0G100J500AT,CCTC,"C30,C31",0402,10pF ±5% 50V Ceramic Capacitor C0G 0402,YES,50,0.0034,0.17,,,
C255919,X1E0000210202,EPSON,X1,SMD3225-4P,Crystal 24MHz ±10ppm 9pF 40Ω SMD3225-4P,YES,5,0.2546,1.27,,,
C517755,TC0250B1742TCC,UNI-ROYAL,R20,0402,17.4kΩ ±0.1% 62.5mW 0402 Thin Film Resistor,YES,20,0.0225,0.45,,,
C1883521,AF0402FR-0711KL,YAGEO,R19,0402,62.5mW 11kΩ 50V Thick Film Resistor ±100ppm/℃ ±1% 0402 Chip Resistor - Surface Mount RoHS,YES,100,0.005,0.50,,,
C127447,RC0603JR-0747KL,YAGEO,R18,0603,47kΩ 100mW 75V Thick Film Resistor ±100ppm/℃ ±5% 0603 Chip Resistor - Surface Mount RoHS,YES,100,0.0049,0.49,,,
C413078,ERJ2RKF6800X,PANASONIC,R9,0402,100mW 680Ω Thick Film Resistor ±100ppm/℃ ±1% 0402 Chip Resistor - Surface Mount RoHS,YES,100,0.0043,0.43,,,
C413085,ERJ2RKF1601X,PANASONIC,R8,0402,100mW 1.6kΩ Thick Film Resistor ±100ppm/℃ ±1% 0402 Chip Resistor - Surface Mount RoHS,YES,100,0.0048,0.48,,,
C14675,RC0603FR-07100KL,YAGEO,"R4,R24",0603,100mW 100kΩ 75V Thick Film Resistor ±100ppm/℃ ±1% 0603 Chip Resistor - Surface Mount RoHS,YES,100,0.0047,0.47,,,
C159891,RK73B1JTTD103J,KOA,"R2,R3,R5,R6,R7,R16,R23,R27,R28,R29,R30,R40",0603,100mW 10kΩ 75V Thick Film Resistor ±5% ±200ppm/℃ 0603 Chip Resistor - Surface Mount RoHS,YES,100,0.004,0.40,,,
C95177,RC0603JR-070RL,YAGEO,"R1,R12,R13,R14,R15",0603,100mW 0Ω 75V Thick Film Resistor ±5% 0603 Chip Resistor - Surface Mount RoHS,YES,100,0.0034,0.34,,,
C142600,SI4134DY-T1-GE3,VISHAY,Q5,SO-8,N-Channel 30V 14A 5W Surface Mount SO-8,YES,5,0.2764,1.38,,,
C151586,DMT6016LSS-13,DIODES,Q4,SO-8,N-Channel 60V 9.2A 2.1W Surface Mount SO-8,YES,2,0.7893,1.58,,,
C111700,2SC4081T106R,ROHM,Q2,SC-70(SOT-323),Bipolar (BJT) Transistor NPN 50V 150mA 180MHz 200mW Surface Mount SC-70(SOT-323),YES,20,0.0412,0.82,,,
C111698,2SA1576AT106R,ROHM,Q1,SC-70(SOT-323),Bipolar (BJT) Transistor PNP 50V 150mA 140MHz 200mW Surface Mount SC-70(SOT-323),YES,20,0.0291,0.58,,,
C909806,DFE252012F-1R5M=P2,muRata,L3,1008,2.7A 1.5uH ±20% 58mΩ 3.8A 1008 Fixed Inductors RoHS,YES,5,0.142,0.71,,,
C2045037,SRU8043-3R9Y,BOURNS,L1,"SMD,8x8mm","4.8A 3.9uH ±30% 14.6mΩ 4A Magnetic Shielded Inductor SMD,8x8mm Fixed Inductors RoHS",YES,2,1.201,2.40,,,
C6376748,484050001,MOLEX,"J2,J3,J4,J5",Through Hole,"Through Hole USB, DVI, HDMI Connector Assemblies RoHS",YES,6,3.1262,18.76,,,
C355375,UPD720201K8-701-BAC-A,RENESAS,,QFN-68-EP(8x8),"USB to PCI Express 4 5Gbps QFN-68-EP(8x8) Controllers ",NO,5,3.0081,15.04,2026-09-07,,26+
